"","GEOID","numberCrimes","STATEFP","COUNTYFP","TRACTCE","NAME","NAMELSAD","MTFCC","FUNCSTAT","ALAND","AWATER","INTPTLAT","INTPTLON","name","state","county","tract","TOTAL","MEDIANHOUSEINCOME","BLACK","UNEMPLOYED","INLABORFORCE","POVERTY"
"1","36067000100",45,"36","067","000100","1","Census Tract 1","G5020","S",4842968,1284980,"+43.0691355","-076.1730170","Census Tract 1, Onondaga County, New York","36","067","000100",644,49342,79,39,374,147
"2","36067000200",11,"36","067","000200","2","Census Tract 2","G5020","S",1095301,0,"+43.0747759","-076.1583997","Census Tract 2, Onondaga County, New York","36","067","000200",3042,35876,230,129,1454,1280
"3","36067000200",11,"36","067","000200","2","Census Tract 2","G5020","S",1095301,0,"+43.0747759","-076.1583997","Census Tract 2, Onondaga County, New York","36","067","000200",3042,35876,230,129,1454,1280
"4","36067000200",11,"36","067","000200","2","Census Tract 2","G5020","S",1095301,0,"+43.0747759","-076.1583997","Census Tract 2, Onondaga County, New York","36","067","000200",3042,35876,230,129,1454,1280
"5","36067000200",11,"36","067","000200","2","Census Tract 2","G5020","S",1095301,0,"+43.0747759","-076.1583997","Census Tract 2, Onondaga County, New York","36","067","000200",3042,35876,230,129,1454,1280
"6","36067000300",2,"36","067","000300","3","Census Tract 3","G5020","S",574913,0,"+43.0812047","-076.1483599","Census Tract 3, Onondaga County, New York","36","067","000300",1635,46406,293,56,825,179
"7","36067000300",2,"36","067","000300","3","Census Tract 3","G5020","S",574913,0,"+43.0812047","-076.1483599","Census Tract 3, Onondaga County, New York","36","067","000300",1635,46406,293,56,825,179
"8","36067000300",2,"36","067","000300","3","Census Tract 3","G5020","S",574913,0,"+43.0812047","-076.1483599","Census Tract 3, Onondaga County, New York","36","067","000300",1635,46406,293,56,825,179
"9","36067000300",2,"36","067","000300","3","Census Tract 3","G5020","S",574913,0,"+43.0812047","-076.1483599","Census Tract 3, Onondaga County, New York","36","067","000300",1635,46406,293,56,825,179
"10","36067000300",2,"36","067","000300","3","Census Tract 3","G5020","S",574913,0,"+43.0812047","-076.1483599","Census Tract 3, Onondaga County, New York","36","067","000300",1635,46406,293,56,825,179
"11","36067000300",2,"36","067","000300","3","Census Tract 3","G5020","S",574913,0,"+43.0812047","-076.1483599","Census Tract 3, Onondaga County, New York","36","067","000300",1635,46406,293,56,825,179
"12","36067000300",2,"36","067","000300","3","Census Tract 3","G5020","S",574913,0,"+43.0812047","-076.1483599","Census Tract 3, Onondaga County, New York","36","067","000300",1635,46406,293,56,825,179
"13","36067000300",2,"36","067","000300","3","Census Tract 3","G5020","S",574913,0,"+43.0812047","-076.1483599","Census Tract 3, Onondaga County, New York","36","067","000300",1635,46406,293,56,825,179
"14","36067000300",2,"36","067","000300","3","Census Tract 3","G5020","S",574913,0,"+43.0812047","-076.1483599","Census Tract 3, Onondaga County, New York","36","067","000300",1635,46406,293,56,825,179
"15","36067000400",10,"36","067","000400","4","Census Tract 4","G5020","S",1524699,0,"+43.0762560","-076.1378045","Census Tract 4, Onondaga County, New York","36","067","000400",3402,41935,449,98,1870,549
"16","36067000400",10,"36","067","000400","4","Census Tract 4","G5020","S",1524699,0,"+43.0762560","-076.1378045","Census Tract 4, Onondaga County, New York","36","067","000400",3402,41935,449,98,1870,549
"17","36067000400",10,"36","067","000400","4","Census Tract 4","G5020","S",1524699,0,"+43.0762560","-076.1378045","Census Tract 4, Onondaga County, New York","36","067","000400",3402,41935,449,98,1870,549
"18","36067000400",10,"36","067","000400","4","Census Tract 4","G5020","S",1524699,0,"+43.0762560","-076.1378045","Census Tract 4, Onondaga County, New York","36","067","000400",3402,41935,449,98,1870,549
"19","36067000400",10,"36","067","000400","4","Census Tract 4","G5020","S",1524699,0,"+43.0762560","-076.1378045","Census Tract 4, Onondaga County, New York","36","067","000400",3402,41935,449,98,1870,549
"20","36067000400",10,"36","067","000400","4","Census Tract 4","G5020","S",1524699,0,"+43.0762560","-076.1378045","Census Tract 4, Onondaga County, New York","36","067","000400",3402,41935,449,98,1870,549
"21","36067000400",10,"36","067","000400","4","Census Tract 4","G5020","S",1524699,0,"+43.0762560","-076.1378045","Census Tract 4, Onondaga County, New York","36","067","000400",3402,41935,449,98,1870,549
"22","36067000400",10,"36","067","000400","4","Census Tract 4","G5020","S",1524699,0,"+43.0762560","-076.1378045","Census Tract 4, Onondaga County, New York","36","067","000400",3402,41935,449,98,1870,549
"23","36067000400",10,"36","067","000400","4","Census Tract 4","G5020","S",1524699,0,"+43.0762560","-076.1378045","Census Tract 4, Onondaga County, New York","36","067","000400",3402,41935,449,98,1870,549
"24","36067000501",13,"36","067","000501","5.01","Census Tract 5.01","G5020","S",714188,0,"+43.0637527","-076.1569900","Census Tract 5.01, Onondaga County, New York","36","067","000501",2156,20165,422,149,776,1018
"25","36067000501",13,"36","067","000501","5.01","Census Tract 5.01","G5020","S",714188,0,"+43.0637527","-076.1569900","Census Tract 5.01, Onondaga County, New York","36","067","000501",2156,20165,422,149,776,1018
"26","36067000501",13,"36","067","000501","5.01","Census Tract 5.01","G5020","S",714188,0,"+43.0637527","-076.1569900","Census Tract 5.01, Onondaga County, New York","36","067","000501",2156,20165,422,149,776,1018
"27","36067000501",13,"36","067","000501","5.01","Census Tract 5.01","G5020","S",714188,0,"+43.0637527","-076.1569900","Census Tract 5.01, Onondaga County, New York","36","067","000501",2156,20165,422,149,776,1018
"28","36067000501",13,"36","067","000501","5.01","Census Tract 5.01","G5020","S",714188,0,"+43.0637527","-076.1569900","Census Tract 5.01, Onondaga County, New York","36","067","000501",2156,20165,422,149,776,1018
"29","36067000501",13,"36","067","000501","5.01","Census Tract 5.01","G5020","S",714188,0,"+43.0637527","-076.1569900","Census Tract 5.01, Onondaga County, New York","36","067","000501",2156,20165,422,149,776,1018
"30","36067000600",9,"36","067","000600","6","Census Tract 6","G5020","S",617027,0,"+43.0699860","-076.1526402","Census Tract 6, Onondaga County, New York","36","067","000600",3716,25965,785,276,1541,1527
"31","36067000600",9,"36","067","000600","6","Census Tract 6","G5020","S",617027,0,"+43.0699860","-076.1526402","Census Tract 6, Onondaga County, New York","36","067","000600",3716,25965,785,276,1541,1527
"32","36067000600",9,"36","067","000600","6","Census Tract 6","G5020","S",617027,0,"+43.0699860","-076.1526402","Census Tract 6, Onondaga County, New York","36","067","000600",3716,25965,785,276,1541,1527
"33","36067000600",9,"36","067","000600","6","Census Tract 6","G5020","S",617027,0,"+43.0699860","-076.1526402","Census Tract 6, Onondaga County, New York","36","067","000600",3716,25965,785,276,1541,1527
"34","36067000600",9,"36","067","000600","6","Census Tract 6","G5020","S",617027,0,"+43.0699860","-076.1526402","Census Tract 6, Onondaga County, New York","36","067","000600",3716,25965,785,276,1541,1527
"35","36067001000",5,"36","067","001000","10","Census Tract 10","G5020","S",1249510,0,"+43.0722084","-076.1095002","Census Tract 10, Onondaga County, New York","36","067","001000",4464,31353,1036,153,1877,1325
"36","36067001000",5,"36","067","001000","10","Census Tract 10","G5020","S",1249510,0,"+43.0722084","-076.1095002","Census Tract 10, Onondaga County, New York","36","067","001000",4464,31353,1036,153,1877,1325
"37","36067001400",7,"36","067","001400","14","Census Tract 14","G5020","S",415681,0,"+43.0638377","-076.1481159","Census Tract 14, Onondaga County, New York","36","067","001400",3765,20500,843,154,1029,2063
"38","36067001400",7,"36","067","001400","14","Census Tract 14","G5020","S",415681,0,"+43.0638377","-076.1481159","Census Tract 14, Onondaga County, New York","36","067","001400",3765,20500,843,154,1029,2063
"39","36067001400",7,"36","067","001400","14","Census Tract 14","G5020","S",415681,0,"+43.0638377","-076.1481159","Census Tract 14, Onondaga County, New York","36","067","001400",3765,20500,843,154,1029,2063
"40","36067001400",7,"36","067","001400","14","Census Tract 14","G5020","S",415681,0,"+43.0638377","-076.1481159","Census Tract 14, Onondaga County, New York","36","067","001400",3765,20500,843,154,1029,2063
"41","36067001400",7,"36","067","001400","14","Census Tract 14","G5020","S",415681,0,"+43.0638377","-076.1481159","Census Tract 14, Onondaga County, New York","36","067","001400",3765,20500,843,154,1029,2063
"42","36067001500",10,"36","067","001500","15","Census Tract 15","G5020","S",511990,0,"+43.0612554","-076.1400992","Census Tract 15, Onondaga County, New York","36","067","001500",3125,27639,747,194,1221,1475
"43","36067001500",10,"36","067","001500","15","Census Tract 15","G5020","S",511990,0,"+43.0612554","-076.1400992","Census Tract 15, Onondaga County, New York","36","067","001500",3125,27639,747,194,1221,1475
"44","36067001500",10,"36","067","001500","15","Census Tract 15","G5020","S",511990,0,"+43.0612554","-076.1400992","Census Tract 15, Onondaga County, New York","36","067","001500",3125,27639,747,194,1221,1475
"45","36067001500",10,"36","067","001500","15","Census Tract 15","G5020","S",511990,0,"+43.0612554","-076.1400992","Census Tract 15, Onondaga County, New York","36","067","001500",3125,27639,747,194,1221,1475
"46","36067001600",9,"36","067","001600","16","Census Tract 16","G5020","S",559576,0,"+43.0571312","-076.1378340","Census Tract 16, Onondaga County, New York","36","067","001600",3130,21672,801,89,1179,808
"47","36067001600",9,"36","067","001600","16","Census Tract 16","G5020","S",559576,0,"+43.0571312","-076.1378340","Census Tract 16, Onondaga County, New York","36","067","001600",3130,21672,801,89,1179,808
"48","36067001702",9,"36","067","001702","17.02","Census Tract 17.02","G5020","S",998402,0,"+43.0608519","-076.1179082","Census Tract 17.02, Onondaga County, New York","36","067","001702",2305,45045,268,54,1392,357
"49","36067001800",3,"36","067","001800","18","Census Tract 18","G5020","S",897079,0,"+43.0622758","-076.1098792","Census Tract 18, Onondaga County, New York","36","067","001800",2712,41843,505,108,1650,412
"50","36067001900",4,"36","067","001900","19","Census Tract 19","G5020","S",1674596,0,"+43.0635515","-076.0968655","Census Tract 19, Onondaga County, New York","36","067","001900",3755,39654,305,222,2127,790
"51","36067002000",11,"36","067","002000","20","Census Tract 20","G5020","S",945411,0,"+43.0568412","-076.1933162","Census Tract 20, Onondaga County, New York","36","067","002000",2037,32500,184,69,1049,497
"52","36067002000",11,"36","067","002000","20","Census Tract 20","G5020","S",945411,0,"+43.0568412","-076.1933162","Census Tract 20, Onondaga County, New York","36","067","002000",2037,32500,184,69,1049,497
"53","36067002000",11,"36","067","002000","20","Census Tract 20","G5020","S",945411,0,"+43.0568412","-076.1933162","Census Tract 20, Onondaga County, New York","36","067","002000",2037,32500,184,69,1049,497
"54","36067002000",11,"36","067","002000","20","Census Tract 20","G5020","S",945411,0,"+43.0568412","-076.1933162","Census Tract 20, Onondaga County, New York","36","067","002000",2037,32500,184,69,1049,497
"55","36067002000",11,"36","067","002000","20","Census Tract 20","G5020","S",945411,0,"+43.0568412","-076.1933162","Census Tract 20, Onondaga County, New York","36","067","002000",2037,32500,184,69,1049,497
"56","36067002000",11,"36","067","002000","20","Census Tract 20","G5020","S",945411,0,"+43.0568412","-076.1933162","Census Tract 20, Onondaga County, New York","36","067","002000",2037,32500,184,69,1049,497
"57","36067002000",11,"36","067","002000","20","Census Tract 20","G5020","S",945411,0,"+43.0568412","-076.1933162","Census Tract 20, Onondaga County, New York","36","067","002000",2037,32500,184,69,1049,497
"58","36067002101",20,"36","067","002101","21.01","Census Tract 21.01","G5020","S",1578291,0,"+43.0526383","-076.1712469","Census Tract 21.01, Onondaga County, New York","36","067","002101",3072,22212,737,160,1193,1620
"59","36067002101",20,"36","067","002101","21.01","Census Tract 21.01","G5020","S",1578291,0,"+43.0526383","-076.1712469","Census Tract 21.01, Onondaga County, New York","36","067","002101",3072,22212,737,160,1193,1620
"60","36067002101",20,"36","067","002101","21.01","Census Tract 21.01","G5020","S",1578291,0,"+43.0526383","-076.1712469","Census Tract 21.01, Onondaga County, New York","36","067","002101",3072,22212,737,160,1193,1620
"61","36067002400",9,"36","067","002400","24","Census Tract 24","G5020","S",465677,0,"+43.0540773","-076.1350296","Census Tract 24, Onondaga County, New York","36","067","002400",1930,23102,602,113,853,979
"62","36067002400",9,"36","067","002400","24","Census Tract 24","G5020","S",465677,0,"+43.0540773","-076.1350296","Census Tract 24, Onondaga County, New York","36","067","002400",1930,23102,602,113,853,979
"63","36067002400",9,"36","067","002400","24","Census Tract 24","G5020","S",465677,0,"+43.0540773","-076.1350296","Census Tract 24, Onondaga County, New York","36","067","002400",1930,23102,602,113,853,979
"64","36067002700",5,"36","067","002700","27","Census Tract 27","G5020","S",604626,0,"+43.0501417","-076.1908215","Census Tract 27, Onondaga County, New York","36","067","002700",2010,31649,95,90,1148,543
"65","36067002700",5,"36","067","002700","27","Census Tract 27","G5020","S",604626,0,"+43.0501417","-076.1908215","Census Tract 27, Onondaga County, New York","36","067","002700",2010,31649,95,90,1148,543
"66","36067002700",5,"36","067","002700","27","Census Tract 27","G5020","S",604626,0,"+43.0501417","-076.1908215","Census Tract 27, Onondaga County, New York","36","067","002700",2010,31649,95,90,1148,543
"67","36067002901",6,"36","067","002901","29.01","Census Tract 29.01","G5020","S",1870601,0,"+43.0441999","-076.1820651","Census Tract 29.01, Onondaga County, New York","36","067","002901",2745,56230,61,76,1917,342
"68","36067002901",6,"36","067","002901","29.01","Census Tract 29.01","G5020","S",1870601,0,"+43.0441999","-076.1820651","Census Tract 29.01, Onondaga County, New York","36","067","002901",2745,56230,61,76,1917,342
"69","36067002901",6,"36","067","002901","29.01","Census Tract 29.01","G5020","S",1870601,0,"+43.0441999","-076.1820651","Census Tract 29.01, Onondaga County, New York","36","067","002901",2745,56230,61,76,1917,342
"70","36067002901",6,"36","067","002901","29.01","Census Tract 29.01","G5020","S",1870601,0,"+43.0441999","-076.1820651","Census Tract 29.01, Onondaga County, New York","36","067","002901",2745,56230,61,76,1917,342
"71","36067002901",6,"36","067","002901","29.01","Census Tract 29.01","G5020","S",1870601,0,"+43.0441999","-076.1820651","Census Tract 29.01, Onondaga County, New York","36","067","002901",2745,56230,61,76,1917,342
"72","36067002901",6,"36","067","002901","29.01","Census Tract 29.01","G5020","S",1870601,0,"+43.0441999","-076.1820651","Census Tract 29.01, Onondaga County, New York","36","067","002901",2745,56230,61,76,1917,342
"73","36067003200",18,"36","067","003200","32","Census Tract 32","G5020","S",1257710,0,"+43.0480192","-076.1502406","Census Tract 32, Onondaga County, New York","36","067","003200",2428,50053,544,57,986,661
"74","36067003200",18,"36","067","003200","32","Census Tract 32","G5020","S",1257710,0,"+43.0480192","-076.1502406","Census Tract 32, Onondaga County, New York","36","067","003200",2428,50053,544,57,986,661
"75","36067003200",18,"36","067","003200","32","Census Tract 32","G5020","S",1257710,0,"+43.0480192","-076.1502406","Census Tract 32, Onondaga County, New York","36","067","003200",2428,50053,544,57,986,661
"76","36067003400",8,"36","067","003400","34","Census Tract 34","G5020","S",862304,0,"+43.0486569","-076.1342713","Census Tract 34, Onondaga County, New York","36","067","003400",1213,13224,364,36,507,667
"77","36067003400",8,"36","067","003400","34","Census Tract 34","G5020","S",862304,0,"+43.0486569","-076.1342713","Census Tract 34, Onondaga County, New York","36","067","003400",1213,13224,364,36,507,667
"78","36067003400",8,"36","067","003400","34","Census Tract 34","G5020","S",862304,0,"+43.0486569","-076.1342713","Census Tract 34, Onondaga County, New York","36","067","003400",1213,13224,364,36,507,667
"79","36067003500",8,"36","067","003500","35","Census Tract 35","G5020","S",1137159,0,"+43.0479841","-076.1200134","Census Tract 35, Onondaga County, New York","36","067","003500",2291,16304,1007,176,989,1272
"80","36067003500",8,"36","067","003500","35","Census Tract 35","G5020","S",1137159,0,"+43.0479841","-076.1200134","Census Tract 35, Onondaga County, New York","36","067","003500",2291,16304,1007,176,989,1272
"81","36067003500",8,"36","067","003500","35","Census Tract 35","G5020","S",1137159,0,"+43.0479841","-076.1200134","Census Tract 35, Onondaga County, New York","36","067","003500",2291,16304,1007,176,989,1272
"82","36067003500",8,"36","067","003500","35","Census Tract 35","G5020","S",1137159,0,"+43.0479841","-076.1200134","Census Tract 35, Onondaga County, New York","36","067","003500",2291,16304,1007,176,989,1272
"83","36067003601",4,"36","067","003601","36.01","Census Tract 36.01","G5020","S",1107237,0,"+43.0509535","-076.1092805","Census Tract 36.01, Onondaga County, New York","36","067","003601",2333,30026,1464,198,1052,888
"84","36067003601",4,"36","067","003601","36.01","Census Tract 36.01","G5020","S",1107237,0,"+43.0509535","-076.1092805","Census Tract 36.01, Onondaga County, New York","36","067","003601",2333,30026,1464,198,1052,888
"85","36067003602",6,"36","067","003602","36.02","Census Tract 36.02","G5020","S",1644462,0,"+43.0537868","-076.0956368","Census Tract 36.02, Onondaga County, New York","36","067","003602",2215,38618,1229,182,1181,383
"86","36067003602",6,"36","067","003602","36.02","Census Tract 36.02","G5020","S",1644462,0,"+43.0537868","-076.0956368","Census Tract 36.02, Onondaga County, New York","36","067","003602",2215,38618,1229,182,1181,383
"87","36067003602",6,"36","067","003602","36.02","Census Tract 36.02","G5020","S",1644462,0,"+43.0537868","-076.0956368","Census Tract 36.02, Onondaga County, New York","36","067","003602",2215,38618,1229,182,1181,383
"88","36067003602",6,"36","067","003602","36.02","Census Tract 36.02","G5020","S",1644462,0,"+43.0537868","-076.0956368","Census Tract 36.02, Onondaga County, New York","36","067","003602",2215,38618,1229,182,1181,383
"89","36067003800",4,"36","067","003800","38","Census Tract 38","G5020","S",772366,0,"+43.0361519","-076.1796494","Census Tract 38, Onondaga County, New York","36","067","003800",2431,26585,811,198,936,953
"90","36067003800",4,"36","067","003800","38","Census Tract 38","G5020","S",772366,0,"+43.0361519","-076.1796494","Census Tract 38, Onondaga County, New York","36","067","003800",2431,26585,811,198,936,953
"91","36067003800",4,"36","067","003800","38","Census Tract 38","G5020","S",772366,0,"+43.0361519","-076.1796494","Census Tract 38, Onondaga County, New York","36","067","003800",2431,26585,811,198,936,953
"92","36067004000",8,"36","067","004000","40","Census Tract 40","G5020","S",501636,0,"+43.0415797","-076.1623869","Census Tract 40, Onondaga County, New York","36","067","004000",1803,28472,946,50,638,581
"93","36067004000",8,"36","067","004000","40","Census Tract 40","G5020","S",501636,0,"+43.0415797","-076.1623869","Census Tract 40, Onondaga County, New York","36","067","004000",1803,28472,946,50,638,581
"94","36067004000",8,"36","067","004000","40","Census Tract 40","G5020","S",501636,0,"+43.0415797","-076.1623869","Census Tract 40, Onondaga County, New York","36","067","004000",1803,28472,946,50,638,581
"95","36067004000",8,"36","067","004000","40","Census Tract 40","G5020","S",501636,0,"+43.0415797","-076.1623869","Census Tract 40, Onondaga County, New York","36","067","004000",1803,28472,946,50,638,581
"96","36067004000",8,"36","067","004000","40","Census Tract 40","G5020","S",501636,0,"+43.0415797","-076.1623869","Census Tract 40, Onondaga County, New York","36","067","004000",1803,28472,946,50,638,581
"97","36067004000",8,"36","067","004000","40","Census Tract 40","G5020","S",501636,0,"+43.0415797","-076.1623869","Census Tract 40, Onondaga County, New York","36","067","004000",1803,28472,946,50,638,581
"98","36067004000",8,"36","067","004000","40","Census Tract 40","G5020","S",501636,0,"+43.0415797","-076.1623869","Census Tract 40, Onondaga County, New York","36","067","004000",1803,28472,946,50,638,581
"99","36067004000",8,"36","067","004000","40","Census Tract 40","G5020","S",501636,0,"+43.0415797","-076.1623869","Census Tract 40, Onondaga County, New York","36","067","004000",1803,28472,946,50,638,581
"100","36067004000",8,"36","067","004000","40","Census Tract 40","G5020","S",501636,0,"+43.0415797","-076.1623869","Census Tract 40, Onondaga County, New York","36","067","004000",1803,28472,946,50,638,581
"101","36067004000",8,"36","067","004000","40","Census Tract 40","G5020","S",501636,0,"+43.0415797","-076.1623869","Census Tract 40, Onondaga County, New York","36","067","004000",1803,28472,946,50,638,581
"102","36067004600",6,"36","067","004600","46","Census Tract 46","G5020","S",3864671,0,"+43.0400611","-076.0977558","Census Tract 46, Onondaga County, New York","36","067","004600",5129,71797,1130,152,2515,602
"103","36067004600",6,"36","067","004600","46","Census Tract 46","G5020","S",3864671,0,"+43.0400611","-076.0977558","Census Tract 46, Onondaga County, New York","36","067","004600",5129,71797,1130,152,2515,602
"104","36067004600",6,"36","067","004600","46","Census Tract 46","G5020","S",3864671,0,"+43.0400611","-076.0977558","Census Tract 46, Onondaga County, New York","36","067","004600",5129,71797,1130,152,2515,602
"105","36067004600",6,"36","067","004600","46","Census Tract 46","G5020","S",3864671,0,"+43.0400611","-076.0977558","Census Tract 46, Onondaga County, New York","36","067","004600",5129,71797,1130,152,2515,602
"106","36067004600",6,"36","067","004600","46","Census Tract 46","G5020","S",3864671,0,"+43.0400611","-076.0977558","Census Tract 46, Onondaga County, New York","36","067","004600",5129,71797,1130,152,2515,602
"107","36067004600",6,"36","067","004600","46","Census Tract 46","G5020","S",3864671,0,"+43.0400611","-076.0977558","Census Tract 46, Onondaga County, New York","36","067","004600",5129,71797,1130,152,2515,602
"108","36067004600",6,"36","067","004600","46","Census Tract 46","G5020","S",3864671,0,"+43.0400611","-076.0977558","Census Tract 46, Onondaga County, New York","36","067","004600",5129,71797,1130,152,2515,602
"109","36067004800",9,"36","067","004800","48","Census Tract 48","G5020","S",1206079,0,"+43.0279451","-076.1920648","Census Tract 48, Onondaga County, New York","36","067","004800",1602,74150,217,12,867,150
"110","36067004800",9,"36","067","004800","48","Census Tract 48","G5020","S",1206079,0,"+43.0279451","-076.1920648","Census Tract 48, Onondaga County, New York","36","067","004800",1602,74150,217,12,867,150
"111","36067004800",9,"36","067","004800","48","Census Tract 48","G5020","S",1206079,0,"+43.0279451","-076.1920648","Census Tract 48, Onondaga County, New York","36","067","004800",1602,74150,217,12,867,150
"112","36067004800",9,"36","067","004800","48","Census Tract 48","G5020","S",1206079,0,"+43.0279451","-076.1920648","Census Tract 48, Onondaga County, New York","36","067","004800",1602,74150,217,12,867,150
"113","36067004800",9,"36","067","004800","48","Census Tract 48","G5020","S",1206079,0,"+43.0279451","-076.1920648","Census Tract 48, Onondaga County, New York","36","067","004800",1602,74150,217,12,867,150
"114","36067004900",4,"36","067","004900","49","Census Tract 49","G5020","S",796558,57084,"+43.0261098","-076.1769245","Census Tract 49, Onondaga County, New York","36","067","004900",1409,34402,379,34,530,512
"115","36067004900",4,"36","067","004900","49","Census Tract 49","G5020","S",796558,57084,"+43.0261098","-076.1769245","Census Tract 49, Onondaga County, New York","36","067","004900",1409,34402,379,34,530,512
"116","36067004900",4,"36","067","004900","49","Census Tract 49","G5020","S",796558,57084,"+43.0261098","-076.1769245","Census Tract 49, Onondaga County, New York","36","067","004900",1409,34402,379,34,530,512
"117","36067004900",4,"36","067","004900","49","Census Tract 49","G5020","S",796558,57084,"+43.0261098","-076.1769245","Census Tract 49, Onondaga County, New York","36","067","004900",1409,34402,379,34,530,512
"118","36067005000",6,"36","067","005000","50","Census Tract 50","G5020","S",1149255,45948,"+43.0290957","-076.1697335","Census Tract 50, Onondaga County, New York","36","067","005000",2662,70132,690,184,1608,364
"119","36067005000",6,"36","067","005000","50","Census Tract 50","G5020","S",1149255,45948,"+43.0290957","-076.1697335","Census Tract 50, Onondaga County, New York","36","067","005000",2662,70132,690,184,1608,364
"120","36067005000",6,"36","067","005000","50","Census Tract 50","G5020","S",1149255,45948,"+43.0290957","-076.1697335","Census Tract 50, Onondaga County, New York","36","067","005000",2662,70132,690,184,1608,364
"121","36067005000",6,"36","067","005000","50","Census Tract 50","G5020","S",1149255,45948,"+43.0290957","-076.1697335","Census Tract 50, Onondaga County, New York","36","067","005000",2662,70132,690,184,1608,364
"122","36067005100",12,"36","067","005100","51","Census Tract 51","G5020","S",804289,0,"+43.0236890","-076.1604174","Census Tract 51, Onondaga County, New York","36","067","005100",2119,24595,1201,146,864,790
"123","36067005100",12,"36","067","005100","51","Census Tract 51","G5020","S",804289,0,"+43.0236890","-076.1604174","Census Tract 51, Onondaga County, New York","36","067","005100",2119,24595,1201,146,864,790
"124","36067005100",12,"36","067","005100","51","Census Tract 51","G5020","S",804289,0,"+43.0236890","-076.1604174","Census Tract 51, Onondaga County, New York","36","067","005100",2119,24595,1201,146,864,790
"125","36067005100",12,"36","067","005100","51","Census Tract 51","G5020","S",804289,0,"+43.0236890","-076.1604174","Census Tract 51, Onondaga County, New York","36","067","005100",2119,24595,1201,146,864,790
"126","36067005200",4,"36","067","005200","52","Census Tract 52","G5020","S",693128,0,"+43.0321901","-076.1590507","Census Tract 52, Onondaga County, New York","36","067","005200",2075,24219,1467,167,760,844
"127","36067005200",4,"36","067","005200","52","Census Tract 52","G5020","S",693128,0,"+43.0321901","-076.1590507","Census Tract 52, Onondaga County, New York","36","067","005200",2075,24219,1467,167,760,844
"128","36067005200",4,"36","067","005200","52","Census Tract 52","G5020","S",693128,0,"+43.0321901","-076.1590507","Census Tract 52, Onondaga County, New York","36","067","005200",2075,24219,1467,167,760,844
"129","36067005200",4,"36","067","005200","52","Census Tract 52","G5020","S",693128,0,"+43.0321901","-076.1590507","Census Tract 52, Onondaga County, New York","36","067","005200",2075,24219,1467,167,760,844
"130","36067005400",15,"36","067","005400","54","Census Tract 54","G5020","S",747726,0,"+43.0245237","-076.1455633","Census Tract 54, Onondaga County, New York","36","067","005400",2842,29423,2162,254,1111,1292
"131","36067005601",2,"36","067","005601","56.01","Census Tract 56.01","G5020","S",1649076,7491,"+43.0233022","-076.1210584","Census Tract 56.01, Onondaga County, New York","36","067","005601",1399,77344,176,39,864,156
"132","36067005601",2,"36","067","005601","56.01","Census Tract 56.01","G5020","S",1649076,7491,"+43.0233022","-076.1210584","Census Tract 56.01, Onondaga County, New York","36","067","005601",1399,77344,176,39,864,156
"133","36067005601",2,"36","067","005601","56.01","Census Tract 56.01","G5020","S",1649076,7491,"+43.0233022","-076.1210584","Census Tract 56.01, Onondaga County, New York","36","067","005601",1399,77344,176,39,864,156
"134","36067005700",4,"36","067","005700","57","Census Tract 57","G5020","S",1356595,0,"+43.0152012","-076.1636184","Census Tract 57, Onondaga County, New York","36","067","005700",1846,42266,1018,115,933,351
"135","36067005700",4,"36","067","005700","57","Census Tract 57","G5020","S",1356595,0,"+43.0152012","-076.1636184","Census Tract 57, Onondaga County, New York","36","067","005700",1846,42266,1018,115,933,351
"136","36067005700",4,"36","067","005700","57","Census Tract 57","G5020","S",1356595,0,"+43.0152012","-076.1636184","Census Tract 57, Onondaga County, New York","36","067","005700",1846,42266,1018,115,933,351
"137","36067005700",4,"36","067","005700","57","Census Tract 57","G5020","S",1356595,0,"+43.0152012","-076.1636184","Census Tract 57, Onondaga County, New York","36","067","005700",1846,42266,1018,115,933,351
"138","36067005700",4,"36","067","005700","57","Census Tract 57","G5020","S",1356595,0,"+43.0152012","-076.1636184","Census Tract 57, Onondaga County, New York","36","067","005700",1846,42266,1018,115,933,351
"139","36067005800",10,"36","067","005800","58","Census Tract 58","G5020","S",860682,0,"+43.0199057","-076.1526432","Census Tract 58, Onondaga County, New York","36","067","005800",2569,28803,1799,165,993,1211
"140","36067005800",10,"36","067","005800","58","Census Tract 58","G5020","S",860682,0,"+43.0199057","-076.1526432","Census Tract 58, Onondaga County, New York","36","067","005800",2569,28803,1799,165,993,1211
"141","36067005800",10,"36","067","005800","58","Census Tract 58","G5020","S",860682,0,"+43.0199057","-076.1526432","Census Tract 58, Onondaga County, New York","36","067","005800",2569,28803,1799,165,993,1211
"142","36067005800",10,"36","067","005800","58","Census Tract 58","G5020","S",860682,0,"+43.0199057","-076.1526432","Census Tract 58, Onondaga County, New York","36","067","005800",2569,28803,1799,165,993,1211
"143","36067005800",10,"36","067","005800","58","Census Tract 58","G5020","S",860682,0,"+43.0199057","-076.1526432","Census Tract 58, Onondaga County, New York","36","067","005800",2569,28803,1799,165,993,1211
"144","36067006000",10,"36","067","006000","60","Census Tract 60","G5020","S",3689383,18431,"+42.9982727","-076.1563154","Census Tract 60, Onondaga County, New York","36","067","006000",3763,40769,1524,172,1808,760
"145","36067006000",10,"36","067","006000","60","Census Tract 60","G5020","S",3689383,18431,"+42.9982727","-076.1563154","Census Tract 60, Onondaga County, New York","36","067","006000",3763,40769,1524,172,1808,760
"146","36067006000",10,"36","067","006000","60","Census Tract 60","G5020","S",3689383,18431,"+42.9982727","-076.1563154","Census Tract 60, Onondaga County, New York","36","067","006000",3763,40769,1524,172,1808,760
"147","36067006000",10,"36","067","006000","60","Census Tract 60","G5020","S",3689383,18431,"+42.9982727","-076.1563154","Census Tract 60, Onondaga County, New York","36","067","006000",3763,40769,1524,172,1808,760
"148","36067014200",7,"36","067","014200","142","Census Tract 142","G5020","S",2724825,0,"+43.0826197","-076.1289803","Census Tract 142, Onondaga County, New York","36","067","014200",3721,50250,175,181,1945,742
